9-a.wav,"you've got some minor suspension damage there"
9-b.wav,"you've got some minor suspension damage there"
9-c.wav,"you've got some minor suspension damage there"
3_op_prefix_ok-a.wav,"you've had a bit of suspension damage"
3_op_prefix_ok-b.wav,"you've had a bit of suspension damage"
3_op_prefix_ok-c.wav,"you've had a bit of suspension damage"
8-a.wav,"we're seeing a little bit of suspension damage"
8-b.wav,"we're seeing a little bit of suspension damage"
8-c.wav,"we're seeing a little bit of suspension damage"
4-a.wav,"there's some minor suspension damage"
4-b.wav,"there's some minor suspension damage"
4-c.wav,"there's some minor suspension damage"
1_op_prefix_ok-a.wav,"you've had a bit of suspension damage, it's probably all right"
1_op_prefix_ok-b.wav,"you've had a bit of suspension damage, it's probably all right"
1_op_prefix_ok-c.wav,"you've had a bit of suspension damage, it's probably all right"
6-a.wav,"you've got a little bit of suspension damage"
6-b.wav,"you've got a little bit of suspension damage"
6-c.wav,"you've got a little bit of suspension damage"
5-a.wav,"we're seeing some minor suspension damage"
5-b.wav,"we're seeing some minor suspension damage"
5-c.wav,"we're seeing some minor suspension damage"
7-a.wav,"it looks like your suspension's a little bit off"
7-b.wav,"it looks like your suspension's a little bit off"
7-c.wav,"it looks like your suspension's a little bit off"
10-a.wav,"you got a little bit of suspension damage"
10-b.wav,"you got a little bit of suspension damage"
10-c.wav,"you got a little bit of suspension damage"
2_op_prefix_ok-a.wav,"you've had some suspension damage there, stay out"
2_op_prefix_ok-b.wav,"you've had some suspension damage there, stay out"
2_op_prefix_ok-c.wav,"you've had some suspension damage there, stay out"
