5-a.wav,"you'll need to slow down a bit if you don't want a penalty"
5-b.wav,"you'll need to slow down a bit if you don't want a penalty"
5-c.wav,"you'll need to slow down a bit if you don't want a penalty"
3-a.wav,"you'll need to give back the time gained"
3-b.wav,"you'll need to give back the time gained"
3-c.wav,"you'll need to give back the time gained"
1-a.wav,"we need to slow down and give back some time"
1-b.wav,"we need to slow down and give back some time"
1-c.wav,"we need to slow down and give back some time"
2-a.wav,"you'll need to slow down if you don't want a penalty"
2-b.wav,"you'll need to slow down if you don't want a penalty"
2-c.wav,"you'll need to slow down if you don't want a penalty"
4-a.wav,"you'll need to slow down to give back the time gained"
4-b.wav,"you'll need to slow down to give back the time gained"
4-c.wav,"you'll need to slow down to give back the time gained"
