3-a.wav,"the battery level is really low"
3-b.wav,"the battery level is really low"
3-c.wav,"the battery level is really low"
1-a.wav,"your battery is almost empty"
1-b.wav,"your battery is almost empty"
1-c.wav,"your battery is almost empty"
4-a.wav,"critical battery level, we're really low on energy"
4-b.wav,"critical battery level, we're really low on energy"
4-c.wav,"critical battery level, we're really low on energy"
2-a.wav,"the battery is really low"
2-b.wav,"the battery is really low"
2-c.wav,"the battery is really low"
