3-a.wav,"okay, that's the end, let's get out of here, try and forget this one, eh"
3-b.wav,"okay, that's the end, let's get out of here, try and forget this one, eh"
3-c.wav,"okay, that's the end, let's get out of here, try and forget this one, eh"
2-a.wav,"okay, it's over, bloody awful result, mate"
2-b.wav,"okay, it's over, bloody awful result, mate"
2-c.wav,"okay, it's over, bloody awful result, mate"
1-a.wav,"there's the checkered flag, that's disappointing"
1-b.wav,"there's the checkered flag, that's disappointing"
1-c.wav,"there's the checkered flag, that's disappointing"
sweary_4-a.wav,"there's the checkered flag, shit day, mate, let's just pack up and go home"
sweary_4-b.wav,"there's the checkered flag, shit day, mate, let's just pack up and go home"
sweary_4-c.wav,"there's the checkered flag, shit day, mate, let's just pack up and go home"
sweary_5-a.wav,"shit result, mate, hard luck"
sweary_5-b.wav,"shit result, mate, hard luck"
sweary_5-c.wav,"shit result, mate, hard luck"
sweary_6-a.wav,"that was a fucking waste of time"
sweary_6-b.wav,"that was a fucking waste of time"
sweary_6-c.wav,"that was a fucking waste of time"
