6-a.wav,"your water temp is"
6-b.wav,"your water temp is"
6-c.wav,"your water temp is"
4-a.wav,"your water temp is"
4-b.wav,"your water temp is"
4-c.wav,"your water temp is"
1-a.wav,"your water temp is"
1-b.wav,"your water temp is"
1-c.wav,"your water temp is"
5-a.wav,"your water temp is"
5-b.wav,"your water temp is"
5-c.wav,"your water temp is"
2-a.wav,"your water temp is"
2-b.wav,"your water temp is"
2-c.wav,"your water temp is"
3-a.wav,"your water temp is"
3-b.wav,"your water temp is"
3-c.wav,"your water temp is"
