5-a.wav,"we still need to serve this stop-go penalty"
5-b.wav,"we still need to serve this stop-go penalty"
5-c.wav,"we still need to serve this stop-go penalty"
2-a.wav,"we still need to serve this stop-go penalty"
2-b.wav,"we still need to serve this stop-go penalty"
2-c.wav,"we still need to serve this stop-go penalty"
1-a.wav,"we've still got to serve our stop-go penalty"
1-b.wav,"we've still got to serve our stop-go penalty"
1-c.wav,"we've still got to serve our stop-go penalty"
3-a.wav,"you still have to serve your stop-go penalty"
3-b.wav,"you still have to serve your stop-go penalty"
3-c.wav,"you still have to serve your stop-go penalty"
4-a.wav,"you've still got to serve your stop-go penalty"
4-b.wav,"you've still got to serve your stop-go penalty"
4-c.wav,"you've still got to serve your stop-go penalty"
