1-a.wav,"good start, mate, nice one"
1-b.wav,"good start, mate, nice one"
1-c.wav,"good start, mate, nice one"
9-a.wav,"good work on the start, mate, this is great"
9-b.wav,"good work on the start, mate, this is great"
9-c.wav,"good work on the start, mate, this is great"
sweary_10-a.wav,"fucking excellent start, well done"
sweary_10-b.wav,"fucking excellent start, well done"
sweary_10-c.wav,"fucking excellent start, well done"
2-a.wav,"nice start, mate, well done"
2-b.wav,"nice start, mate, well done"
2-c.wav,"nice start, mate, well done"
13-a.wav,"great start, well done"
13-b.wav,"great start, well done"
13-c.wav,"great start, well done"
12-a.wav,"good start, keep it up"
12-b.wav,"good start, keep it up"
12-c.wav,"good start, keep it up"
6_op_suffix_come_on-a.wav,"nice start"
6_op_suffix_come_on-b.wav,"nice start"
6_op_suffix_come_on-c.wav,"nice start"
5-a.wav,"good start, mate"
5-b.wav,"good start, mate"
5-c.wav,"good start, mate"
7-a.wav,"sweet start, mate, keep it coming"
7-b.wav,"sweet start, mate, keep it coming"
7-c.wav,"sweet start, mate, keep it coming"
11-a.wav,"perfect start, mate, this is great"
11-b.wav,"perfect start, mate, this is great"
11-c.wav,"perfect start, mate, this is great"
3_op_prefix_well_done-a.wav,"good start"
3_op_prefix_well_done-b.wav,"good start"
3_op_prefix_well_done-c.wav,"good start"
4_op_suffix_well_done-a.wav,"good start"
4_op_suffix_well_done-b.wav,"good start"
4_op_suffix_well_done-c.wav,"good start"
