14-a.wav,"we like this, keep doing it"
14-b.wav,"we like this, keep doing it"
14-c.wav,"we like this, keep doing it"
15-a.wav,"this is good, keep banging out them laptimes"
15-b.wav,"this is good, keep banging out them laptimes"
15-c.wav,"this is good, keep banging out them laptimes"
11-a.wav,"great driving, keep it up"
11-b.wav,"great driving, keep it up"
11-c.wav,"great driving, keep it up"
3-a.wav,"great stuff, keep it coming, mate"
3-b.wav,"great stuff, keep it coming, mate"
3-c.wav,"great stuff, keep it coming, mate"
16_male-a.wav,"you're the man, stay on it"
16_male-b.wav,"you're the man, stay on it"
16_male-c.wav,"you're the man, stay on it"
10-a.wav,"awesome stuff, mate, keep it coming"
10-b.wav,"awesome stuff, mate, keep it coming"
10-c.wav,"awesome stuff, mate, keep it coming"
5_op_prefix_ok-a.wav,"just keep hitting your marks, this is looking good"
5_op_prefix_ok-b.wav,"just keep hitting your marks, this is looking good"
5_op_prefix_ok-c.wav,"just keep hitting your marks, this is looking good"
sweary_13-a.wav,"this is fucking great, mate, keep it coming"
sweary_13-b.wav,"this is fucking great, mate, keep it coming"
sweary_13-c.wav,"this is fucking great, mate, keep it coming"
1-a.wav,"keep it up, we're looking good here"
1-b.wav,"keep it up, we're looking good here"
1-c.wav,"keep it up, we're looking good here"
19_male-a.wav,"keep it coming, man, this is great"
19_male-b.wav,"keep it coming, man, this is great"
19_male-c.wav,"keep it coming, man, this is great"
12-a.wav,"loving this, mate, this is perfect"
12-b.wav,"loving this, mate, this is perfect"
12-c.wav,"loving this, mate, this is perfect"
sweary_18-a.wav,"good stuff, mate, this is fucking excellent"
sweary_18-b.wav,"good stuff, mate, this is fucking excellent"
sweary_18-c.wav,"good stuff, mate, this is fucking excellent"
9_op_prefix_well_done-a.wav,"this is terrific, exactly what we came here for"
9_op_prefix_well_done-b.wav,"this is terrific, exactly what we came here for"
9_op_prefix_well_done-c.wav,"this is terrific, exactly what we came here for"
4-a.wav,"this is brilliant, keep it up"
4-b.wav,"this is brilliant, keep it up"
4-c.wav,"this is brilliant, keep it up"
8_op_prefix_well_done-a.wav,"you're looking really good, come on, keep your focus"
8_op_prefix_well_done-b.wav,"you're looking really good, come on, keep your focus"
8_op_prefix_well_done-c.wav,"you're looking really good, come on, keep your focus"
7_op_prefix_well_done-a.wav,"this is great, come on, keep nailing those exits"
7_op_prefix_well_done-b.wav,"this is great, come on, keep nailing those exits"
7_op_prefix_well_done-c.wav,"this is great, come on, keep nailing those exits"
17-a.wav,"this is excellent, mate, keep it up"
17-b.wav,"this is excellent, mate, keep it up"
17-c.wav,"this is excellent, mate, keep it up"
6-a.wav,"this is brilliant, keep it up"
6-b.wav,"this is brilliant, keep it up"
6-c.wav,"this is brilliant, keep it up"
2_op_prefix_ok-a.wav,"keep doing what you're doing, this is spot on"
2_op_prefix_ok-b.wav,"keep doing what you're doing, this is spot on"
2_op_prefix_ok-c.wav,"keep doing what you're doing, this is spot on"
