4-a.wav,"your lap times are increasing, come on, keep your focus"
4-b.wav,"your lap times are increasing, come on, keep your focus"
4-c.wav,"your lap times are increasing, come on, keep your focus"
3-a.wav,"your lap times are dropping off, come on, stay focused"
3-b.wav,"your lap times are dropping off, come on, stay focused"
3-c.wav,"your lap times are dropping off, come on, stay focused"
2-a.wav,"your lap times are increasing, come on, get back on it"
2-b.wav,"your lap times are increasing, come on, get back on it"
2-c.wav,"your lap times are increasing, come on, get back on it"
sweary_5-a.wav,"your lap times have gone to crap, come on, sort it out"
sweary_5-b.wav,"your lap times have gone to crap, come on, sort it out"
sweary_5-c.wav,"your lap times have gone to crap, come on, sort it out"
1-a.wav,"your lap times are dropping off, come on, you can do better than this"
1-b.wav,"your lap times are dropping off, come on, you can do better than this"
1-c.wav,"your lap times are dropping off, come on, you can do better than this"
