13-a.wav,"that's the stuff, we'll have some more of that"
13-b.wav,"that's the stuff, we'll have some more of that"
13-c.wav,"that's the stuff, we'll have some more of that"
14_op_suffix_come_on-a.wav,"brilliant, nice one"
14_op_suffix_come_on-b.wav,"brilliant, nice one"
14_op_suffix_come_on-c.wav,"brilliant, nice one"
18_op_prefix_come_on-a.wav,"nicely done"
18_op_prefix_come_on-b.wav,"nicely done"
18_op_prefix_come_on-c.wav,"nicely done"
29-a.wav,"awesome, well done"
29-b.wav,"awesome, well done"
29-c.wav,"awesome, well done"
1-a.wav,"good pass, well done"
1-b.wav,"good pass, well done"
1-c.wav,"good pass, well done"
2_op_suffix_well_done-a.wav,"nice one, mate"
2_op_suffix_well_done-b.wav,"nice one, mate"
2_op_suffix_well_done-c.wav,"nice one, mate"
sweary_8-a.wav,"fucking awesome move, mate"
sweary_8-b.wav,"fucking awesome move, mate"
sweary_8-c.wav,"fucking awesome move, mate"
15-a.wav,"good move, mate"
15-b.wav,"good move, mate"
15-c.wav,"good move, mate"
sweary_7-a.wav,"fucking great pass, mate, well done"
sweary_7-b.wav,"fucking great pass, mate, well done"
sweary_7-c.wav,"fucking great pass, mate, well done"
16-a.wav,"good move, mate"
16-b.wav,"good move, mate"
16-c.wav,"good move, mate"
3_op_prefix_well_done-a.wav,"great move, keep it up"
3_op_prefix_well_done-b.wav,"great move, keep it up"
3_op_prefix_well_done-c.wav,"great move, keep it up"
5_op_prefix_well_done-a.wav,"good pass, eyes front"
5_op_prefix_well_done-b.wav,"good pass, eyes front"
5_op_prefix_well_done-c.wav,"good pass, eyes front"
sweary_10-a.wav,"good pass, mate, that was fucking brilliant"
sweary_10-b.wav,"good pass, mate, that was fucking brilliant"
sweary_10-c.wav,"good pass, mate, that was fucking brilliant"
4_op_prefix_well_done-a.wav,"nice move, mate"
4_op_prefix_well_done-b.wav,"nice move, mate"
4_op_prefix_well_done-c.wav,"nice move, mate"
6-a.wav,"well done, good pass"
6-b.wav,"well done, good pass"
6-c.wav,"well done, good pass"
sweary_28-a.wav,"fucking come on, you nailed him"
sweary_28-b.wav,"fucking come on, you nailed him"
sweary_28-c.wav,"fucking come on, you nailed him"
12_op_suffix_well_done-a.wav,"come on, that's the stuff"
12_op_suffix_well_done-b.wav,"come on, that's the stuff"
12_op_suffix_well_done-c.wav,"come on, that's the stuff"
24-a.wav,"good pass"
24-b.wav,"good pass"
24-c.wav,"good pass"
26-a.wav,"good pass, now keep pushing"
26-b.wav,"good pass, now keep pushing"
26-c.wav,"good pass, now keep pushing"
21-a.wav,"good work, mate, keep it up"
21-b.wav,"good work, mate, keep it up"
21-c.wav,"good work, mate, keep it up"
23-a.wav,"have it, nice one"
23-b.wav,"have it, nice one"
23-c.wav,"have it, nice one"
sweary_11-a.wav,"good pass, mate, fucking awesome"
sweary_11-b.wav,"good pass, mate, fucking awesome"
sweary_11-c.wav,"good pass, mate, fucking awesome"
7-a.wav,"well done, eyes front now"
7-b.wav,"well done, eyes front now"
7-c.wav,"well done, eyes front now"
5_op_prefix_come_on-a.wav,"good stuff, keep it coming"
5_op_prefix_come_on-b.wav,"good stuff, keep it coming"
5_op_prefix_come_on-c.wav,"good stuff, keep it coming"
17_op_suffix_well_done-a.wav,"nice pass"
17_op_suffix_well_done-b.wav,"nice pass"
17_op_suffix_well_done-c.wav,"nice pass"
22-a.wav,"sweet pass, mate"
22-b.wav,"sweet pass, mate"
22-c.wav,"sweet pass, mate"
27-a.wav,"well done, mate, that was great"
27-b.wav,"well done, mate, that was great"
27-c.wav,"well done, mate, that was great"
sweary_25-a.wav,"fan-fucking-tastic, now keep pushing"
sweary_25-b.wav,"fan-fucking-tastic, now keep pushing"
sweary_25-c.wav,"fan-fucking-tastic, now keep pushing"
sweary_9-a.wav,"fucking excellent pass, nice one, mate"
sweary_9-b.wav,"fucking excellent pass, nice one, mate"
sweary_9-c.wav,"fucking excellent pass, nice one, mate"
sweary_20-a.wav,"yeah, nailed that fucker"
sweary_20-b.wav,"yeah, nailed that fucker"
sweary_20-c.wav,"yeah, nailed that fucker"
19_male-a.wav,"well done, fella'"
19_male-b.wav,"well done, fella'"
19_male-c.wav,"well done, fella'"
