3-a.wav,"we should have just enough fuel to get us to the end"
3-b.wav,"we should have just enough fuel to get us to the end"
3-c.wav,"we should have just enough fuel to get us to the end"
5-a.wav,"we think you're okay for fuel, but there's not much to spare"
5-b.wav,"we think you're okay for fuel, but there's not much to spare"
5-c.wav,"we think you're okay for fuel, but there's not much to spare"
2-a.wav,"we should have just enough to get us to the end"
2-b.wav,"we should have just enough to get us to the end"
2-c.wav,"we should have just enough to get us to the end"
6-a.wav,"your fuel should be okay if your consumption remains like it is"
6-b.wav,"your fuel should be okay if your consumption remains like it is"
6-c.wav,"your fuel should be okay if your consumption remains like it is"
1-a.wav,"we should have just enough fuel to the end"
1-b.wav,"we should have just enough fuel to the end"
1-c.wav,"we should have just enough fuel to the end"
4-a.wav,"we should have enough fuel to get to the end, but it'll be tight"
4-b.wav,"we should have enough fuel to get to the end, but it'll be tight"
4-c.wav,"we should have enough fuel to get to the end, but it'll be tight"
