5-a.wav,"green flag, all clear"
5-b.wav,"green flag, all clear"
5-c.wav,"green flag, all clear"
11-a.wav,"incident clear, green flag"
11-b.wav,"incident clear, green flag"
11-c.wav,"incident clear, green flag"
8-a.wav,"incident clear, green flag"
8-b.wav,"incident clear, green flag"
8-c.wav,"incident clear, green flag"
6-a.wav,"green flag, you're clear"
6-b.wav,"green flag, you're clear"
6-c.wav,"green flag, you're clear"
1-a.wav,"green flag, you're clear"
1-b.wav,"green flag, you're clear"
1-c.wav,"green flag, you're clear"
9-a.wav,"incident clear, green flag"
9-b.wav,"incident clear, green flag"
9-c.wav,"incident clear, green flag"
4-a.wav,"incident clear, green flag"
4-b.wav,"incident clear, green flag"
4-c.wav,"incident clear, green flag"
7-a.wav,"incident clear, green flag"
7-b.wav,"incident clear, green flag"
7-c.wav,"incident clear, green flag"
12-a.wav,"incident clear, green flag"
12-b.wav,"incident clear, green flag"
12-c.wav,"incident clear, green flag"
13-a.wav,"incident clear, green flag"
13-b.wav,"incident clear, green flag"
13-c.wav,"incident clear, green flag"
3-a.wav,"green flag"
3-b.wav,"green flag"
3-c.wav,"green flag"
2-a.wav,"you're clear, incident clear"
2-b.wav,"you're clear, incident clear"
2-c.wav,"you're clear, incident clear"
10-a.wav,"incident clear, green flag"
10-b.wav,"incident clear, green flag"
10-c.wav,"incident clear, green flag"
