3-a.wav,"one more lap, you're P1"
3-b.wav,"one more lap, you're P1"
3-c.wav,"one more lap, you're P1"
4_op_prefix_come_on-a.wav,"one more lap, keep it together, we'll win this"
4_op_prefix_come_on-b.wav,"one more lap, keep it together, we'll win this"
4_op_prefix_come_on-c.wav,"one more lap, keep it together, we'll win this"
sweary_5_op_prefix_come_on-a.wav,"last lap, keep your shit together, you're not home yet"
sweary_5_op_prefix_come_on-b.wav,"last lap, keep your shit together, you're not home yet"
sweary_5_op_prefix_come_on-c.wav,"last lap, keep your shit together, you're not home yet"
1-a.wav,"one more lap for the win, come on"
1-b.wav,"one more lap for the win, come on"
1-c.wav,"one more lap for the win, come on"
2_op_suffix_come_on-a.wav,"one more lap to go, stay focused"
2_op_suffix_come_on-b.wav,"one more lap to go, stay focused"
2_op_suffix_come_on-c.wav,"one more lap to go, stay focused"
