8-a.wav,"acknowledged"
8-b.wav,"acknowledged"
8-c.wav,"acknowledged"
9-a.wav,"acknowledged"
9-b.wav,"acknowledged"
9-c.wav,"acknowledged"
11-a.wav,"acknowledged"
11-b.wav,"acknowledged"
11-c.wav,"acknowledged"
7-a.wav,"acknowledged"
7-b.wav,"acknowledged"
7-c.wav,"acknowledged"
2-a.wav,"understood"
2-b.wav,"understood"
2-c.wav,"understood"
5-a.wav,"acknowledged"
5-b.wav,"acknowledged"
5-c.wav,"acknowledged"
1-a.wav,"okay"
1-b.wav,"okay"
1-c.wav,"okay"
3-a.wav,"acknowledged"
3-b.wav,"acknowledged"
3-c.wav,"acknowledged"
10-a.wav,"acknowledged"
10-b.wav,"acknowledged"
10-c.wav,"acknowledged"
6-a.wav,"acknowledged"
6-b.wav,"acknowledged"
6-c.wav,"acknowledged"
4-a.wav,"acknowledged"
4-b.wav,"acknowledged"
4-c.wav,"acknowledged"
