10-a.wav,"hold your line"
10-b.wav,"hold your line"
10-c.wav,"hold your line"
7-a.wav,"hold your line"
7-b.wav,"hold your line"
7-c.wav,"hold your line"
5-a.wav,"hold your line"
5-b.wav,"hold your line"
5-c.wav,"hold your line"
3-a.wav,"hold your line"
3-b.wav,"hold your line"
3-c.wav,"hold your line"
4-a.wav,"hold your line"
4-b.wav,"hold your line"
4-c.wav,"hold your line"
8-a.wav,"hold your line"
8-b.wav,"hold your line"
8-c.wav,"hold your line"
6-a.wav,"hold your line"
6-b.wav,"hold your line"
6-c.wav,"hold your line"
2-a.wav,"hold your line"
2-b.wav,"hold your line"
2-c.wav,"hold your line"
9-a.wav,"hold your line"
9-b.wav,"hold your line"
9-c.wav,"hold your line"
11-a.wav,"hold your line"
11-b.wav,"hold your line"
11-c.wav,"hold your line"
1-a.wav,"hold your line"
1-b.wav,"hold your line"
1-c.wav,"hold your line"
