op_prefix_ok_7-a.wav,"we're half-way home"
op_prefix_ok_7-b.wav,"we're half-way home"
op_prefix_ok_7-c.wav,"we're half-way home"
op_prefix_ok_4-a.wav,"we're half-way home"
op_prefix_ok_4-b.wav,"we're half-way home"
op_prefix_ok_4-c.wav,"we're half-way home"
1-a.wav,"you're half-way home"
1-b.wav,"you're half-way home"
1-c.wav,"you're half-way home"
op_prefix_ok_8-a.wav,"half-distance"
op_prefix_ok_8-b.wav,"half-distance"
op_prefix_ok_8-c.wav,"half-distance"
3-a.wav,"that's half-distance"
3-b.wav,"that's half-distance"
3-c.wav,"that's half-distance"
2-a.wav,"that's half-way"
2-b.wav,"that's half-way"
2-c.wav,"that's half-way"
op_prefix_ok_5-a.wav,"we're at the half-way point"
op_prefix_ok_5-b.wav,"we're at the half-way point"
op_prefix_ok_5-c.wav,"we're at the half-way point"
op_prefix_ok_9-a.wav,"that's half-distance"
op_prefix_ok_9-b.wav,"that's half-distance"
op_prefix_ok_9-c.wav,"that's half-distance"
op_prefix_ok_6-a.wav,"we're half-way through"
op_prefix_ok_6-b.wav,"we're half-way through"
op_prefix_ok_6-c.wav,"we're half-way through"
