4_rq_suffix_please-a.wav,"pay attention to track limits"
4_rq_suffix_please-b.wav,"pay attention to track limits"
4_rq_suffix_please-c.wav,"pay attention to track limits"
3-a.wav,"we just had a warning for cutting the track"
3-b.wav,"we just had a warning for cutting the track"
3-c.wav,"we just had a warning for cutting the track"
21-a.wav,"keep it within the track limits"
21-b.wav,"keep it within the track limits"
21-c.wav,"keep it within the track limits"
2_op_suffix_please-a.wav,"you cut the track, keep it nice and tidy"
2_op_suffix_please-b.wav,"you cut the track, keep it nice and tidy"
2_op_suffix_please-c.wav,"you cut the track, keep it nice and tidy"
11-a.wav,"the stewards have warned us about track limits, keep it between the lines"
11-b.wav,"the stewards have warned us about track limits, keep it between the lines"
11-c.wav,"the stewards have warned us about track limits, keep it between the lines"
1_op_prefix_ok-a.wav,"we've gone out of track limits, keep it between the white lines"
1_op_prefix_ok-b.wav,"we've gone out of track limits, keep it between the white lines"
1_op_prefix_ok-c.wav,"we've gone out of track limits, keep it between the white lines"
10-a.wav,"track limits, watch those lines"
10-b.wav,"track limits, watch those lines"
10-c.wav,"track limits, watch those lines"
16-a.wav,"we've been warned about track limits"
16-b.wav,"we've been warned about track limits"
16-c.wav,"we've been warned about track limits"
2_op_prefix_ok-a.wav,"we've just cut the track"
2_op_prefix_ok-b.wav,"we've just cut the track"
2_op_prefix_ok-c.wav,"we've just cut the track"
4-a.wav,"track limits"
4-b.wav,"track limits"
4-c.wav,"track limits"
1-a.wav,"the stewards have warned us for cutting the track, keep it between the white lines"
1-b.wav,"the stewards have warned us for cutting the track, keep it between the white lines"
1-c.wav,"the stewards have warned us for cutting the track, keep it between the white lines"
3_rq_suffix_please-a.wav,"stay between the lines"
3_rq_suffix_please-b.wav,"stay between the lines"
3_rq_suffix_please-c.wav,"stay between the lines"
1_rq_suffix_please-a.wav,"we've had a cut warning, keep it tidy"
1_rq_suffix_please-b.wav,"we've had a cut warning, keep it tidy"
1_rq_suffix_please-c.wav,"we've had a cut warning, keep it tidy"
19-a.wav,"we've been warned about track limits"
19-b.wav,"we've been warned about track limits"
19-c.wav,"we've been warned about track limits"
