32-a.wav,"heads up, get ready"
32-b.wav,"heads up, get ready"
32-c.wav,"heads up, get ready"
16_op_prefix_ok-a.wav,"nice and neat, stay out of trouble"
16_op_prefix_ok-b.wav,"nice and neat, stay out of trouble"
16_op_prefix_ok-c.wav,"nice and neat, stay out of trouble"
14-a.wav,"get ready, keep your nose clean"
14-b.wav,"get ready, keep your nose clean"
14-c.wav,"get ready, keep your nose clean"
13-a.wav,"watch for the lights"
13-b.wav,"watch for the lights"
13-c.wav,"watch for the lights"
28-a.wav,"concentrate, be ready"
28-b.wav,"concentrate, be ready"
28-c.wav,"concentrate, be ready"
6-a.wav,"be ready"
6-b.wav,"be ready"
6-c.wav,"be ready"
11-a.wav,"get ready, mate, it's hammer time"
11-b.wav,"get ready, mate, it's hammer time"
11-c.wav,"get ready, mate, it's hammer time"
2_op_prefix_ok-a.wav,"get ready"
2_op_prefix_ok-b.wav,"get ready"
2_op_prefix_ok-c.wav,"get ready"
10-a.wav,"okay, get ready"
10-b.wav,"okay, get ready"
10-c.wav,"okay, get ready"
21-a.wav,"get ready, time to focus"
21-b.wav,"get ready, time to focus"
21-c.wav,"get ready, time to focus"
31-a.wav,"okay, mate, get ready, relax"
31-b.wav,"okay, mate, get ready, relax"
31-c.wav,"okay, mate, get ready, relax"
33-a.wav,"heads up, we're going green"
33-b.wav,"heads up, we're going green"
33-c.wav,"heads up, we're going green"
1_op_prefix_ok-a.wav,"get ready"
1_op_prefix_ok-b.wav,"get ready"
1_op_prefix_ok-c.wav,"get ready"
sweary_17_op_prefix_ok-a.wav,"let's get this right, no fuck ups"
sweary_17_op_prefix_ok-b.wav,"let's get this right, no fuck ups"
sweary_17_op_prefix_ok-c.wav,"let's get this right, no fuck ups"
29-a.wav,"get ready, mate"
29-b.wav,"get ready, mate"
29-c.wav,"get ready, mate"
20-a.wav,"get ready"
20-b.wav,"get ready"
20-c.wav,"get ready"
9_op_prefix_ok-a.wav,"stay calm, focus"
9_op_prefix_ok-b.wav,"stay calm, focus"
9_op_prefix_ok-c.wav,"stay calm, focus"
24-a.wav,"here we go, get ready"
24-b.wav,"here we go, get ready"
24-c.wav,"here we go, get ready"
7-a.wav,"get ready"
7-b.wav,"get ready"
7-c.wav,"get ready"
3_op_prefix_ok-a.wav,"be ready"
3_op_prefix_ok-b.wav,"be ready"
3_op_prefix_ok-c.wav,"be ready"
12_op_prefix_ok-a.wav,"be ready, watch for the lights"
12_op_prefix_ok-b.wav,"be ready, watch for the lights"
12_op_prefix_ok-c.wav,"be ready, watch for the lights"
sweary_15_op_prefix_ok-a.wav,"here we go, don't fuck this up"
sweary_15_op_prefix_ok-b.wav,"here we go, don't fuck this up"
sweary_15_op_prefix_ok-c.wav,"here we go, don't fuck this up"
30-a.wav,"be ready, we're about to go green"
30-b.wav,"be ready, we're about to go green"
30-c.wav,"be ready, we're about to go green"
34-a.wav,"okay, mate, get ready"
34-b.wav,"okay, mate, get ready"
34-c.wav,"okay, mate, get ready"
sweary_18-a.wav,"okay, let's try to avoid the turn 1 clusterfuck"
sweary_18-b.wav,"okay, let's try to avoid the turn 1 clusterfuck"
sweary_18-c.wav,"okay, let's try to avoid the turn 1 clusterfuck"
8_op_prefix_ok-a.wav,"here we go"
8_op_prefix_ok-b.wav,"here we go"
8_op_prefix_ok-c.wav,"here we go"
27-a.wav,"okay, get ready"
27-b.wav,"okay, get ready"
27-c.wav,"okay, get ready"
4-a.wav,"get ready"
4-b.wav,"get ready"
4-c.wav,"get ready"
26-a.wav,"be ready"
26-b.wav,"be ready"
26-c.wav,"be ready"
5_op_prefix_ok-a.wav,"get ready"
5_op_prefix_ok-b.wav,"get ready"
5_op_prefix_ok-c.wav,"get ready"
22-a.wav,"okay, mate, get ready"
22-b.wav,"okay, mate, get ready"
22-c.wav,"okay, mate, get ready"
25-a.wav,"here we go, be ready"
25-b.wav,"here we go, be ready"
25-c.wav,"here we go, be ready"
