4-a.wav,"still there"
4-b.wav,"still there"
4-c.wav,"still there"
10-a.wav,"he's still there"
10-b.wav,"he's still there"
10-c.wav,"he's still there"
7-a.wav,"still there"
7-b.wav,"still there"
7-c.wav,"still there"
12-a.wav,"hold your line"
12-b.wav,"hold your line"
12-c.wav,"hold your line"
5-a.wav,"he's still there"
5-b.wav,"he's still there"
5-c.wav,"he's still there"
8-a.wav,"he's still there"
8-b.wav,"he's still there"
8-c.wav,"he's still there"
6-a.wav,"hold your line"
6-b.wav,"hold your line"
6-c.wav,"hold your line"
1-a.wav,"still there"
1-b.wav,"still there"
1-c.wav,"still there"
2-a.wav,"still there"
2-b.wav,"still there"
2-c.wav,"still there"
9-a.wav,"hold your line"
9-b.wav,"hold your line"
9-c.wav,"hold your line"
3-a.wav,"still there"
3-b.wav,"still there"
3-c.wav,"still there"
11-a.wav,"still there"
11-b.wav,"still there"
11-c.wav,"still there"
