sweary_14-a.wav,"shit start, but don't panic, we can salvage this"
sweary_14-b.wav,"shit start, but don't panic, we can salvage this"
sweary_14-c.wav,"shit start, but don't panic, we can salvage this"
9_op_prefix_come_on-a.wav,"just settle down, find your rhythm"
9_op_prefix_come_on-b.wav,"just settle down, find your rhythm"
9_op_prefix_come_on-c.wav,"just settle down, find your rhythm"
1-a.wav,"forget about the start, find your rhythm, mate"
1-b.wav,"forget about the start, find your rhythm, mate"
1-c.wav,"forget about the start, find your rhythm, mate"
4_op_prefix_come_on-a.wav,"forget the start, let's just get stuck in, mate"
4_op_prefix_come_on-b.wav,"forget the start, let's just get stuck in, mate"
4_op_prefix_come_on-c.wav,"forget the start, let's just get stuck in, mate"
5_op_prefix_oh_dear-a.wav,"let's see if we can get those places back"
5_op_prefix_oh_dear-b.wav,"let's see if we can get those places back"
5_op_prefix_oh_dear-c.wav,"let's see if we can get those places back"
15-a.wav,"bad start, unlucky mate, but let's get stuck in"
15-b.wav,"bad start, unlucky mate, but let's get stuck in"
15-c.wav,"bad start, unlucky mate, but let's get stuck in"
sweary_7-a.wav,"bollocks start mate, get your head down, fix it"
sweary_7-b.wav,"bollocks start mate, get your head down, fix it"
sweary_7-c.wav,"bollocks start mate, get your head down, fix it"
sweary_8-a.wav,"crap start, but we got time to sort this out"
sweary_8-b.wav,"crap start, but we got time to sort this out"
sweary_8-c.wav,"crap start, but we got time to sort this out"
12-a.wav,"bad start, mate, let's get to work"
12-b.wav,"bad start, mate, let's get to work"
12-c.wav,"bad start, mate, let's get to work"
sweary_16-a.wav,"shitty start, but don't panic, there's time to recover"
sweary_16-b.wav,"shitty start, but don't panic, there's time to recover"
sweary_16-c.wav,"shitty start, but don't panic, there's time to recover"
5-a.wav,"let's see if we can get those places back"
5-b.wav,"let's see if we can get those places back"
5-c.wav,"let's see if we can get those places back"
3-a.wav,"bad start, mate, but there's plenty of time to make it up"
3-b.wav,"bad start, mate, but there's plenty of time to make it up"
3-c.wav,"bad start, mate, but there's plenty of time to make it up"
2-a.wav,"disappointing start, let's get those places back"
2-b.wav,"disappointing start, let's get those places back"
2-c.wav,"disappointing start, let's get those places back"
13-a.wav,"we got some work to do now, mate"
13-b.wav,"we got some work to do now, mate"
13-c.wav,"we got some work to do now, mate"
11-a.wav,"not a good start, but it'll get better"
11-b.wav,"not a good start, but it'll get better"
11-c.wav,"not a good start, but it'll get better"
sweary_9_op_prefix_oh_dear-a.wav,"you fucked up the start, now come on, don't fuck up the race"
sweary_9_op_prefix_oh_dear-b.wav,"you fucked up the start, now come on, don't fuck up the race"
sweary_9_op_prefix_oh_dear-c.wav,"you fucked up the start, now come on, don't fuck up the race"
sweary_6_op_prefix_oh_dear-a.wav,"shit start, mate, we got a lot of work to do here"
sweary_6_op_prefix_oh_dear-b.wav,"shit start, mate, we got a lot of work to do here"
sweary_6_op_prefix_oh_dear-c.wav,"shit start, mate, we got a lot of work to do here"
