3_op_prefix_well_done-a.wav,"great drive, that's a podium"
3_op_prefix_well_done-b.wav,"great drive, that's a podium"
3_op_prefix_well_done-c.wav,"great drive, that's a podium"
2_op_suffix_well_done-a.wav,"we're on the podium, good drive"
2_op_suffix_well_done-b.wav,"we're on the podium, good drive"
2_op_suffix_well_done-c.wav,"we're on the podium, good drive"
1_op_suffix_well_done-a.wav,"podium finish, nice one"
1_op_suffix_well_done-b.wav,"podium finish, nice one"
1_op_suffix_well_done-c.wav,"podium finish, nice one"
4-a.wav,"well done, decent drive"
4-b.wav,"well done, decent drive"
4-c.wav,"well done, decent drive"
