6-a.wav,"this is embarrassing. You've got one job to do, one job. Fumbling around at the back might be a laugh for you, but we are absolutely sick of it. We've got better things we could be doing with our weekends"
6-b.wav,"this is embarrassing. You've got one job to do, one job. Fumbling around at the back might be a laugh for you, but we are absolutely sick of it. We've got better things we could be doing with our weekends"
6-c.wav,"this is embarrassing. You've got one job to do, one job. Fumbling around at the back might be a laugh for you, but we are absolutely sick of it. We've got better things we could be doing with our weekends"
21-a.wav,"I don't wanna work with you anymore. Fuck off"
21-b.wav,"I don't wanna work with you anymore. Fuck off"
21-c.wav,"I don't wanna work with you anymore. Fuck off"
10-a.wav,"this really isn't good for morale, we've been busting our asses here, we might as well not have bothered. Look, we need to sit down, and talk properly when you get back to the pits"
10-b.wav,"this really isn't good for morale, we've been busting our asses here, we might as well not have bothered. Look, we need to sit down, and talk properly when you get back to the pits"
10-c.wav,"this really isn't good for morale, we've been busting our asses here, we might as well not have bothered. Look, we need to sit down, and talk properly when you get back to the pits"
13-a.wav,"honestly mate, this is the last weekend we're gonna watch you drive like that. If it doesn't improve, I will buy my own fucking race car"
13-b.wav,"honestly mate, this is the last weekend we're gonna watch you drive like that. If it doesn't improve, I will buy my own fucking race car"
13-c.wav,"honestly mate, this is the last weekend we're gonna watch you drive like that. If it doesn't improve, I will buy my own fucking race car"
23-a.wav,"Right, bring it back. If you think can get back to the pits without fucking that up"
23-b.wav,"Right, bring it back. If you think can get back to the pits without fucking that up"
23-c.wav,"Right, bring it back. If you think can get back to the pits without fucking that up"
9-a.wav,"what, what the fuck just happened? How'd you manage to fuck it up so badly"
9-b.wav,"what, what the fuck just happened? How'd you manage to fuck it up so badly"
9-c.wav,"what, what the fuck just happened? How'd you manage to fuck it up so badly"
8_male-a.wav,"stay away from the crew when you get back to the pits. They're all really fucking pissed off. I am, too. I mean, it was shit man, really shit, waste of a weekend"
8_male-b.wav,"stay away from the crew when you get back to the pits. They're all really fucking pissed off. I am, too. I mean, it was shit man, really shit, waste of a weekend"
8_male-c.wav,"stay away from the crew when you get back to the pits. They're all really fucking pissed off. I am, too. I mean, it was shit man, really shit, waste of a weekend"
12-a.wav,"right, we're out of here. You can pack all this shit up yourself, we've all had enough, mate"
12-b.wav,"right, we're out of here. You can pack all this shit up yourself, we've all had enough, mate"
12-c.wav,"right, we're out of here. You can pack all this shit up yourself, we've all had enough, mate"
30-a.wav,"I think that's the worst you've ever driven, I hope you're proud of yourself"
30-b.wav,"I think that's the worst you've ever driven, I hope you're proud of yourself"
30-c.wav,"I think that's the worst you've ever driven, I hope you're proud of yourself"
2-a.wav,"we're all working our asses off here, you got to start delivering. The car's quick and it's solid, and you've got to get your shit together"
2-b.wav,"we're all working our asses off here, you got to start delivering. The car's quick and it's solid, and you've got to get your shit together"
2-c.wav,"we're all working our asses off here, you got to start delivering. The car's quick and it's solid, and you've got to get your shit together"
11-a.wav,"it's been one of them weekends. We need to just pack everything up, get away from here, start out fresh next time, work out what went wrong. We've gotta get better"
11-b.wav,"it's been one of them weekends. We need to just pack everything up, get away from here, start out fresh next time, work out what went wrong. We've gotta get better"
11-c.wav,"it's been one of them weekends. We need to just pack everything up, get away from here, start out fresh next time, work out what went wrong. We've gotta get better"
14_male-a.wav,"you've been a shambles all day, man, total shit show. We're all sat here wondering why we bothered"
14_male-b.wav,"you've been a shambles all day, man, total shit show. We're all sat here wondering why we bothered"
14_male-c.wav,"you've been a shambles all day, man, total shit show. We're all sat here wondering why we bothered"
25-a.wav,"Absolutely bloody terrible"
25-b.wav,"Absolutely bloody terrible"
25-c.wav,"Absolutely bloody terrible"
17-a.wav,"Dick"
17-b.wav,"Dick"
17-c.wav,"Dick"
3-a.wav,"great, well, there we are, another weekend down the toilet. You might be content to throw your money away, just making up the numbers, but we've got a strong car and a competitive crew here, and we want some results for our hard work"
3-b.wav,"great, well, there we are, another weekend down the toilet. You might be content to throw your money away, just making up the numbers, but we've got a strong car and a competitive crew here, and we want some results for our hard work"
3-c.wav,"great, well, there we are, another weekend down the toilet. You might be content to throw your money away, just making up the numbers, but we've got a strong car and a competitive crew here, and we want some results for our hard work"
7-a.wav,"fucking useless, just fucking useless. Good car, good team, shit driver. Stop playing racing car and actually make a fucking effort"
7-b.wav,"fucking useless, just fucking useless. Good car, good team, shit driver. Stop playing racing car and actually make a fucking effort"
7-c.wav,"fucking useless, just fucking useless. Good car, good team, shit driver. Stop playing racing car and actually make a fucking effort"
24-a.wav,"Honestly, I've seen better performances fall out of my arse"
24-b.wav,"Honestly, I've seen better performances fall out of my arse"
24-c.wav,"Honestly, I've seen better performances fall out of my arse"
28-a.wav,"You fucking berk"
28-b.wav,"You fucking berk"
28-c.wav,"You fucking berk"
22-a.wav,"You're just hopeless, just absolutely fucking hopeless"
22-b.wav,"You're just hopeless, just absolutely fucking hopeless"
22-c.wav,"You're just hopeless, just absolutely fucking hopeless"
19-a.wav,"I've shat better drives than that"
19-b.wav,"I've shat better drives than that"
19-c.wav,"I've shat better drives than that"
20-a.wav,"stay away from the crew, they're ready to pull your arms off"
20-b.wav,"stay away from the crew, they're ready to pull your arms off"
20-c.wav,"stay away from the crew, they're ready to pull your arms off"
29-a.wav,"I've shat better performances than that"
29-b.wav,"I've shat better performances than that"
29-c.wav,"I've shat better performances than that"
4_male-a.wav,"well that went well, we're all properly thrilled that you stayed up half the night getting hammered while we worked on the car, just so we could watch you screw it all up in a hungover haze, well done, man"
4_male-b.wav,"well that went well, we're all properly thrilled that you stayed up half the night getting hammered while we worked on the car, just so we could watch you screw it all up in a hungover haze, well done, man"
4_male-c.wav,"well that went well, we're all properly thrilled that you stayed up half the night getting hammered while we worked on the car, just so we could watch you screw it all up in a hungover haze, well done, man"
1_male-a.wav,"we were up all night prepping this fucking car, and this is the best you can do? We're not pissing our weekends away to watch you fuck it all up, get your head out of your ass, man"
1_male-b.wav,"we were up all night prepping this fucking car, and this is the best you can do? We're not pissing our weekends away to watch you fuck it all up, get your head out of your ass, man"
1_male-c.wav,"we were up all night prepping this fucking car, and this is the best you can do? We're not pissing our weekends away to watch you fuck it all up, get your head out of your ass, man"
27-a.wav,"That was... shit"
27-b.wav,"That was... shit"
27-c.wav,"That was... shit"
15_male-a.wav,"all weekend, just useless, useless. Fucking tired of seeing this, man, we're all tired of seeing it. It's like, it's like just wasting our time"
15_male-b.wav,"all weekend, just useless, useless. Fucking tired of seeing this, man, we're all tired of seeing it. It's like, it's like just wasting our time"
15_male-c.wav,"all weekend, just useless, useless. Fucking tired of seeing this, man, we're all tired of seeing it. It's like, it's like just wasting our time"
5-a.wav,"right this, this isn't good enough, not by a long shot. I'm starting to wonder why we're bothering here. There's guys finishing way ahead of us who've got half the budget and cars that barely work. You're the weak link."
5-b.wav,"right this, this isn't good enough, not by a long shot. I'm starting to wonder why we're bothering here. There's guys finishing way ahead of us who've got half the budget and cars that barely work. You're the weak link."
5-c.wav,"right this, this isn't good enough, not by a long shot. I'm starting to wonder why we're bothering here. There's guys finishing way ahead of us who've got half the budget and cars that barely work. You're the weak link."
18-a.wav,"fucking useless"
18-b.wav,"fucking useless"
18-c.wav,"fucking useless"
26-a.wav,"The fuck was all that? You're just fucking shit"
26-b.wav,"The fuck was all that? You're just fucking shit"
26-c.wav,"The fuck was all that? You're just fucking shit"
16_male-a.wav,"fucking nightmare weekend, man, nightmare. We'll clear up and clear out, then we'll try and work out what the hell's just happened"
16_male-b.wav,"fucking nightmare weekend, man, nightmare. We'll clear up and clear out, then we'll try and work out what the hell's just happened"
16_male-c.wav,"fucking nightmare weekend, man, nightmare. We'll clear up and clear out, then we'll try and work out what the hell's just happened"
