1-a.wav,"liters to get to the end"
1-b.wav,"liters to get to the end"
1-c.wav,"liters to get to the end"
2-a.wav,"liters to reach the end"
2-b.wav,"liters to reach the end"
2-c.wav,"liters to reach the end"
3-a.wav,"liters to get to the end"
3-b.wav,"liters to get to the end"
3-c.wav,"liters to get to the end"
4-a.wav,"liters to get to the end of the race"
4-b.wav,"liters to get to the end of the race"
4-c.wav,"liters to get to the end of the race"
5-a.wav,"liters to get to the end"
5-b.wav,"liters to get to the end"
5-c.wav,"liters to get to the end"
