12-a.wav,"half-distance, fuel looks good"
12-b.wav,"half-distance, fuel looks good"
12-c.wav,"half-distance, fuel looks good"
op_prefix_ok_9-a.wav,"that's half-distance, fuel levels are fine"
op_prefix_ok_9-b.wav,"that's half-distance, fuel levels are fine"
op_prefix_ok_9-c.wav,"that's half-distance, fuel levels are fine"
op_prefix_ok_5-a.wav,"half-way home, fuel looks good"
op_prefix_ok_5-b.wav,"half-way home, fuel looks good"
op_prefix_ok_5-c.wav,"half-way home, fuel looks good"
op_prefix_ok_7-a.wav,"half-way home, we got plenty of fuel"
op_prefix_ok_7-b.wav,"half-way home, we got plenty of fuel"
op_prefix_ok_7-c.wav,"half-way home, we got plenty of fuel"
2-a.wav,"half-distance, fuel looks good"
2-b.wav,"half-distance, fuel looks good"
2-c.wav,"half-distance, fuel looks good"
10-a.wav,"we're half-way home, we're okay on fuel"
10-b.wav,"we're half-way home, we're okay on fuel"
10-c.wav,"we're half-way home, we're okay on fuel"
11-a.wav,"that's half-distance, the fuel's okay"
11-b.wav,"that's half-distance, the fuel's okay"
11-c.wav,"that's half-distance, the fuel's okay"
4-a.wav,"we're half-way home, fuel looks okay"
4-b.wav,"we're half-way home, fuel looks okay"
4-c.wav,"we're half-way home, fuel looks okay"
1_op_prefix_ok-a.wav,"that's half-distance, you're looking good for fuel"
1_op_prefix_ok-b.wav,"that's half-distance, you're looking good for fuel"
1_op_prefix_ok-c.wav,"that's half-distance, you're looking good for fuel"
3_op_prefix_ok-a.wav,"you're half-way home, got plenty of fuel"
3_op_prefix_ok-b.wav,"you're half-way home, got plenty of fuel"
3_op_prefix_ok-c.wav,"you're half-way home, got plenty of fuel"
op_prefix_ok_8-a.wav,"half-way home, fuel's good"
op_prefix_ok_8-b.wav,"half-way home, fuel's good"
op_prefix_ok_8-c.wav,"half-way home, fuel's good"
op_prefix_ok_6-a.wav,"you're half-way home, your fuel is fine"
op_prefix_ok_6-b.wav,"you're half-way home, your fuel is fine"
op_prefix_ok_6-c.wav,"you're half-way home, your fuel is fine"
