8-a.wav,"that's the end of the race, bad luck, mate"
8-b.wav,"that's the end of the race, bad luck, mate"
8-c.wav,"that's the end of the race, bad luck, mate"
4-a.wav,"that's the end of the race, we'll get 'em next time"
4-b.wav,"that's the end of the race, we'll get 'em next time"
4-c.wav,"that's the end of the race, we'll get 'em next time"
3_op_suffix_bad_luck-a.wav,"that's it, we're done"
3_op_suffix_bad_luck-b.wav,"that's it, we're done"
3_op_suffix_bad_luck-c.wav,"that's it, we're done"
2-a.wav,"there's the checkered flag"
2-b.wav,"there's the checkered flag"
2-c.wav,"there's the checkered flag"
5-a.wav,"there we go, it's over, bring it back round"
5-b.wav,"there we go, it's over, bring it back round"
5-c.wav,"there we go, it's over, bring it back round"
1_op_suffix_bad_luck-a.wav,"okay, it's over"
1_op_suffix_bad_luck-b.wav,"okay, it's over"
1_op_suffix_bad_luck-c.wav,"okay, it's over"
7-a.wav,"that's the end of the race, never mind"
7-b.wav,"that's the end of the race, never mind"
7-c.wav,"that's the end of the race, never mind"
6-a.wav,"okay, we're done"
6-b.wav,"okay, we're done"
6-c.wav,"okay, we're done"
