8_op_prefix_ok-a.wav,"expect traffic when you come out"
8_op_prefix_ok-b.wav,"expect traffic when you come out"
8_op_prefix_ok-c.wav,"expect traffic when you come out"
3_op_prefix_ok-a.wav,"you'll be coming out into traffic"
3_op_prefix_ok-b.wav,"you'll be coming out into traffic"
3_op_prefix_ok-c.wav,"you'll be coming out into traffic"
1_op_prefix_ok-a.wav,"expect traffic when you exit the pits"
1_op_prefix_ok-b.wav,"expect traffic when you exit the pits"
1_op_prefix_ok-c.wav,"expect traffic when you exit the pits"
6-a.wav,"there'll be traffic when you exit the pits"
6-b.wav,"there'll be traffic when you exit the pits"
6-c.wav,"there'll be traffic when you exit the pits"
2-a.wav,"there'll be traffic on the exit"
2-b.wav,"there'll be traffic on the exit"
2-c.wav,"there'll be traffic on the exit"
5-a.wav,"there'll be traffic on the exit"
5-b.wav,"there'll be traffic on the exit"
5-c.wav,"there'll be traffic on the exit"
4-a.wav,"there'll be traffic when you exit the pits"
4-b.wav,"there'll be traffic when you exit the pits"
4-c.wav,"there'll be traffic when you exit the pits"
7_op_prefix_ok-a.wav,"expect traffic on exit"
7_op_prefix_ok-b.wav,"expect traffic on exit"
7_op_prefix_ok-c.wav,"expect traffic on exit"
