7-a.wav,"okay, you're clear"
7-b.wav,"okay, you're clear"
7-c.wav,"okay, you're clear"
4-a.wav,"all clear"
4-b.wav,"all clear"
4-c.wav,"all clear"
10-a.wav,"okay, all clear"
10-b.wav,"okay, all clear"
10-c.wav,"okay, all clear"
1-a.wav,"clear"
1-b.wav,"clear"
1-c.wav,"clear"
8-a.wav,"you're clear"
8-b.wav,"you're clear"
8-c.wav,"you're clear"
5-a.wav,"clear"
5-b.wav,"clear"
5-c.wav,"clear"
2-a.wav,"you're clear"
2-b.wav,"you're clear"
2-c.wav,"you're clear"
11-a.wav,"all clear"
11-b.wav,"all clear"
11-c.wav,"all clear"
9-a.wav,"clear"
9-b.wav,"clear"
9-c.wav,"clear"
3-a.wav,"clear"
3-b.wav,"clear"
3-c.wav,"clear"
6-a.wav,"clear"
6-b.wav,"clear"
6-c.wav,"clear"
