sweary_16-a.wav,"come on, stop being so shit, try bloody harder"
sweary_16-b.wav,"come on, stop being so shit, try bloody harder"
sweary_16-c.wav,"come on, stop being so shit, try bloody harder"
9-a.wav,"don't panic, you got time to sort this out"
9-b.wav,"don't panic, you got time to sort this out"
9-c.wav,"don't panic, you got time to sort this out"
5-a.wav,"push now, we need more speed"
5-b.wav,"push now, we need more speed"
5-c.wav,"push now, we need more speed"
27-a.wav,"qualifying pace now, come on, you can salvage something here"
27-b.wav,"qualifying pace now, come on, you can salvage something here"
27-c.wav,"qualifying pace now, come on, you can salvage something here"
1-a.wav,"come on, we can do better than this, focus on your exits, keep it smooth"
1-b.wav,"come on, we can do better than this, focus on your exits, keep it smooth"
1-c.wav,"come on, we can do better than this, focus on your exits, keep it smooth"
sweary_8-a.wav,"come on, mate, get your ass in gear, we can do better than this"
sweary_8-b.wav,"come on, mate, get your ass in gear, we can do better than this"
sweary_8-c.wav,"come on, mate, get your ass in gear, we can do better than this"
sweary_15-a.wav,"fucking hell, get your head down"
sweary_15-b.wav,"fucking hell, get your head down"
sweary_15-c.wav,"fucking hell, get your head down"
24_male-a.wav,"you're better than this, the car's better than this, get it together, man"
24_male-b.wav,"you're better than this, the car's better than this, get it together, man"
24_male-c.wav,"you're better than this, the car's better than this, get it together, man"
6-a.wav,"keep it neat and tidy, we still might get something out of this"
6-b.wav,"keep it neat and tidy, we still might get something out of this"
6-c.wav,"keep it neat and tidy, we still might get something out of this"
sweary_13-a.wav,"come on, try fucking harder"
sweary_13-b.wav,"come on, try fucking harder"
sweary_13-c.wav,"come on, try fucking harder"
29-a.wav,"maximize every lap, let's salvage what we can"
29-b.wav,"maximize every lap, let's salvage what we can"
29-c.wav,"maximize every lap, let's salvage what we can"
7-a.wav,"keep it together, come on, the race isn't over yet"
7-b.wav,"keep it together, come on, the race isn't over yet"
7-c.wav,"keep it together, come on, the race isn't over yet"
sweary_26-a.wav,"this is a bit shit, come on, make it less shit"
sweary_26-b.wav,"this is a bit shit, come on, make it less shit"
sweary_26-c.wav,"this is a bit shit, come on, make it less shit"
28-a.wav,"come on, no more mistakes, concentrate"
28-b.wav,"come on, no more mistakes, concentrate"
28-c.wav,"come on, no more mistakes, concentrate"
3-a.wav,"come on, focus, we need more speed, don't try to brake later, just concentrate harder"
3-b.wav,"come on, focus, we need more speed, don't try to brake later, just concentrate harder"
3-c.wav,"come on, focus, we need more speed, don't try to brake later, just concentrate harder"
11-a.wav,"what's going on, mate, come on, get your act together"
11-b.wav,"what's going on, mate, come on, get your act together"
11-c.wav,"what's going on, mate, come on, get your act together"
21_male-a.wav,"come on, man, this is disappointing, there's decent pace in this car"
21_male-b.wav,"come on, man, this is disappointing, there's decent pace in this car"
21_male-c.wav,"come on, man, this is disappointing, there's decent pace in this car"
12-a.wav,"this really isn't good enough, come on, start concentrating"
12-b.wav,"this really isn't good enough, come on, start concentrating"
12-c.wav,"this really isn't good enough, come on, start concentrating"
19-a.wav,"we need quali-pace every lap now, mate, there might still be chances here"
19-b.wav,"we need quali-pace every lap now, mate, there might still be chances here"
19-c.wav,"we need quali-pace every lap now, mate, there might still be chances here"
sweary_20_male-a.wav,"come on, man, if somebody fucks up in front we need to be able to take advantage"
sweary_20_male-b.wav,"come on, man, if somebody fucks up in front we need to be able to take advantage"
sweary_20_male-c.wav,"come on, man, if somebody fucks up in front we need to be able to take advantage"
sweary_25-a.wav,"come on, stop fucking it up"
sweary_25-b.wav,"come on, stop fucking it up"
sweary_25-c.wav,"come on, stop fucking it up"
4-a.wav,"come on, mate, we really need to get the hammer down now"
4-b.wav,"come on, mate, we really need to get the hammer down now"
4-c.wav,"come on, mate, we really need to get the hammer down now"
10-a.wav,"come on, we should be doing better than this"
10-b.wav,"come on, we should be doing better than this"
10-c.wav,"come on, we should be doing better than this"
sweary_14-a.wav,"this is a bit crap, come on, mate, get your act together"
sweary_14-b.wav,"this is a bit crap, come on, mate, get your act together"
sweary_14-c.wav,"this is a bit crap, come on, mate, get your act together"
2-a.wav,"come on, get your head back into it, keep it smooth, focus on these lines"
2-b.wav,"come on, get your head back into it, keep it smooth, focus on these lines"
2-c.wav,"come on, get your head back into it, keep it smooth, focus on these lines"
22_male-a.wav,"you're all over the place, come on, man, get your head back together"
22_male-b.wav,"you're all over the place, come on, man, get your head back together"
22_male-c.wav,"you're all over the place, come on, man, get your head back together"
23_male-a.wav,"come on, man, smooth is fast, and we need fast right now"
23_male-b.wav,"come on, man, smooth is fast, and we need fast right now"
23_male-c.wav,"come on, man, smooth is fast, and we need fast right now"
sweary_18_male-a.wav,"come on, man, stop fucking it up"
sweary_18_male-b.wav,"come on, man, stop fucking it up"
sweary_18_male-c.wav,"come on, man, stop fucking it up"
