8-a.wav,"go, go, go"
8-b.wav,"go, go, go"
8-c.wav,"go, go, go"
3-a.wav,"green, green, green"
3-b.wav,"green, green, green"
3-c.wav,"green, green, green"
2-a.wav,"green, green, green"
2-b.wav,"green, green, green"
2-c.wav,"green, green, green"
14-a.wav,"green, green, green"
14-b.wav,"green, green, green"
14-c.wav,"green, green, green"
11-a.wav,"go, nail it"
11-b.wav,"go, nail it"
11-c.wav,"go, nail it"
4-a.wav,"green, green, green"
4-b.wav,"green, green, green"
4-c.wav,"green, green, green"
18-a.wav,"go"
18-b.wav,"go"
18-c.wav,"go"
10-a.wav,"floor it, green, green, green"
10-b.wav,"floor it, green, green, green"
10-c.wav,"floor it, green, green, green"
15-a.wav,"go, go, go"
15-b.wav,"go, go, go"
15-c.wav,"go, go, go"
5-a.wav,"green, green, green"
5-b.wav,"green, green, green"
5-c.wav,"green, green, green"
19-a.wav,"let's go"
19-b.wav,"let's go"
19-c.wav,"let's go"
9-a.wav,"green, let's go, let's go"
9-b.wav,"green, let's go, let's go"
9-c.wav,"green, let's go, let's go"
13-a.wav,"go"
13-b.wav,"go"
13-c.wav,"go"
7-a.wav,"go"
7-b.wav,"go"
7-c.wav,"go"
1-a.wav,"go, go, go"
1-b.wav,"go, go, go"
1-c.wav,"go, go, go"
16-a.wav,"go, go, go"
16-b.wav,"go, go, go"
16-c.wav,"go, go, go"
20-a.wav,"floor it"
20-b.wav,"floor it"
20-c.wav,"floor it"
12-a.wav,"go"
12-b.wav,"go"
12-c.wav,"go"
17-a.wav,"green, green, green"
17-b.wav,"green, green, green"
17-c.wav,"green, green, green"
6-a.wav,"go, go, go"
6-b.wav,"go, go, go"
6-c.wav,"go, go, go"
