1-a.wav,"transmission's completely screwed, that's our race done"
1-b.wav,"transmission's completely screwed, that's our race done"
1-c.wav,"transmission's completely screwed, that's our race done"
3_op_prefix_oh_dear-a.wav,"switch it off, mate, there's nothing left of the transmission, we're done here"
3_op_prefix_oh_dear-b.wav,"switch it off, mate, there's nothing left of the transmission, we're done here"
3_op_prefix_oh_dear-c.wav,"switch it off, mate, there's nothing left of the transmission, we're done here"
sweary_2-a.wav,"no chance of getting back to the pits with the transmission in that state, mate, you fucked it"
sweary_2-b.wav,"no chance of getting back to the pits with the transmission in that state, mate, you fucked it"
sweary_2-c.wav,"no chance of getting back to the pits with the transmission in that state, mate, you fucked it"
3-a.wav,"switch it off, mate, there's nothing left of the transmission, we're done here"
3-b.wav,"switch it off, mate, there's nothing left of the transmission, we're done here"
3-c.wav,"switch it off, mate, there's nothing left of the transmission, we're done here"
